state,population,t2020-01-20,t2020-01-21,t2020-01-22,t2020-01-23,t2020-01-24,t2020-01-25,t2020-01-26,t2020-01-27,t2020-01-28,t2020-01-29,t2020-01-30,t2020-01-31,t2020-02-01,t2020-02-02,t2020-02-03,t2020-02-04,t2020-02-05,t2020-02-06,t2020-02-07,t2020-02-08,t2020-02-09,t2020-02-10,t2020-02-11,t2020-02-12,t2020-02-13,t2020-02-14,t2020-02-15,t2020-02-16,t2020-02-17,t2020-02-18,t2020-02-19,t2020-02-20,t2020-02-21,t2020-02-22,t2020-02-23,t2020-02-24,t2020-02-25,t2020-02-26,t2020-02-27,t2020-02-28,t2020-02-29,t2020-03-01,t2020-03-02,t2020-03-03,t2020-03-04,t2020-03-05,t2020-03-06,t2020-03-07,t2020-03-08,t2020-03-09,t2020-03-10,t2020-03-11,t2020-03-12,t2020-03-13,t2020-03-14,t2020-03-15,t2020-03-16,t2020-03-17,t2020-03-18,t2020-03-19,t2020-03-20,t2020-03-21,t2020-03-22,t2020-03-23,t2020-03-24,t2020-03-25,t2020-03-26,t2020-03-27,t2020-03-28,t2020-03-29,t2020-03-30,t2020-03-31,t2020-04-01,t2020-04-02,t2020-04-03,t2020-04-04,t2020-04-05,t2020-04-06,t2020-04-07,t2020-04-08,t2020-04-09,t2020-04-10,t2020-04-11,t2020-04-12,t2020-04-13,t2020-04-14,t2020-04-15,t2020-04-16,t2020-04-17,t2020-04-18,t2020-04-19,t2020-04-20,t2020-04-21,t2020-04-22,t2020-04-23,t2020-04-24,t2020-04-25,t2020-04-26,p2020-01-20,p2020-01-21,p2020-01-22,p2020-01-23,p2020-01-24,p2020-01-25,p2020-01-26,p2020-01-27,p2020-01-28,p2020-01-29,p2020-01-30,p2020-01-31,p2020-02-01,p2020-02-02,p2020-02-03,p2020-02-04,p2020-02-05,p2020-02-06,p2020-02-07,p2020-02-08,p2020-02-09,p2020-02-10,p2020-02-11,p2020-02-12,p2020-02-13,p2020-02-14,p2020-02-15,p2020-02-16,p2020-02-17,p2020-02-18,p2020-02-19,p2020-02-20,p2020-02-21,p2020-02-22,p2020-02-23,p2020-02-24,p2020-02-25,p2020-02-26,p2020-02-27,p2020-02-28,p2020-02-29,p2020-03-01,p2020-03-02,p2020-03-03,p2020-03-04,p2020-03-05,p2020-03-06,p2020-03-07,p2020-03-08,p2020-03-09,p2020-03-10,p2020-03-11,p2020-03-12,p2020-03-13,p2020-03-14,p2020-03-15,p2020-03-16,p2020-03-17,p2020-03-18,p2020-03-19,p2020-03-20,p2020-03-21,p2020-03-22,p2020-03-23,p2020-03-24,p2020-03-25,p2020-03-26,p2020-03-27,p2020-03-28,p2020-03-29,p2020-03-30,p2020-03-31,p2020-04-01,p2020-04-02,p2020-04-03,p2020-04-04,p2020-04-05,p2020-04-06,p2020-04-07,p2020-04-08,p2020-04-09,p2020-04-10,p2020-04-11,p2020-04-12,p2020-04-13,p2020-04-14,p2020-04-15,p2020-04-16,p2020-04-17,p2020-04-18,p2020-04-19,p2020-04-20,p2020-04-21,p2020-04-22,p2020-04-23,p2020-04-24,p2020-04-25,p2020-04-26,n2020-01-20,n2020-01-21,n2020-01-22,n2020-01-23,n2020-01-24,n2020-01-25,n2020-01-26,n2020-01-27,n2020-01-28,n2020-01-29,n2020-01-30,n2020-01-31,n2020-02-01,n2020-02-02,n2020-02-03,n2020-02-04,n2020-02-05,n2020-02-06,n2020-02-07,n2020-02-08,n2020-02-09,n2020-02-10,n2020-02-11,n2020-02-12,n2020-02-13,n2020-02-14,n2020-02-15,n2020-02-16,n2020-02-17,n2020-02-18,n2020-02-19,n2020-02-20,n2020-02-21,n2020-02-22,n2020-02-23,n2020-02-24,n2020-02-25,n2020-02-26,n2020-02-27,n2020-02-28,n2020-02-29,n2020-03-01,n2020-03-02,n2020-03-03,n2020-03-04,n2020-03-05,n2020-03-06,n2020-03-07,n2020-03-08,n2020-03-09,n2020-03-10,n2020-03-11,n2020-03-12,n2020-03-13,n2020-03-14,n2020-03-15,n2020-03-16,n2020-03-17,n2020-03-18,n2020-03-19,n2020-03-20,n2020-03-21,n2020-03-22,n2020-03-23,n2020-03-24,n2020-03-25,n2020-03-26,n2020-03-27,n2020-03-28,n2020-03-29,n2020-03-30,n2020-03-31,n2020-04-01,n2020-04-02,n2020-04-03,n2020-04-04,n2020-04-05,n2020-04-06,n2020-04-07,n2020-04-08,n2020-04-09,n2020-04-10,n2020-04-11,n2020-04-12,n2020-04-13,n2020-04-14,n2020-04-15,n2020-04-16,n2020-04-17,n2020-04-18,n2020-04-19,n2020-04-20,n2020-04-21,n2020-04-22,n2020-04-23,n2020-04-24,n2020-04-25,n2020-04-26
Alabama,4903185,0,0,0,0,0,0,0,0,0,0,0,0,0,0,0,0,0,0,0,0,0,0,0,0,0,0,0,0,0,0,0,0,0,0,0,0,0,0,0,0,0,0,0,0,0,0,0,0,0,0,0,10,10,12,28,40,56,64,74,96,109,152,1602,1832,2321,2812,4099,4771,4880,4990,6553,7279,7774,8736,9619,10853,13078,14765,14916,19122,20827,21026,21249,21583,29182,33117,34077,36391,37848,42538,45712,45900,48526,48760,52641,52695,71344,73551,0,0,0,0,0,0,0,0,0,0,0,0,0,0,0,0,0,0,0,0,0,0,0,0,0,0,0,0,0,0,0,0,0,0,0,0,0,0,0,0,0,0,0,0,0,0,0,0,0,0,0,0,0,1,6,12,28,36,46,68,81,124,138,167,215,283,506,587,696,806,859,981,1077,1233,1432,1580,1796,1968,2119,2369,2769,2968,3191,3525,3734,3876,4113,4345,4530,4655,4837,5025,5231,5465,5778,5832,6137,6270,0,0,0,0,0,0,0,0,0,0,0,0,0,0,0,0,0,0,0,0,0,0,0,0,0,0,0,0,0,0,0,0,0,0,0,0,0,0,0,0,0,0,0,0,0,0,0,0,0,0,0,10,10,11,22,28,28,28,28,28,28,28,1464,1665,2106,2529,3593,4184,4184,4184,5694,6298,6697,7503,8187,9273,11282,12797,12797,16753,18058,18058,18058,18058,25448,29241,29964,32046,33318,37883,40875,40875,43295,43295,46863,46863,65207,67281
Alaska,731545,0,0,0,0,0,0,0,0,0,0,0,0,0,0,0,0,0,0,0,0,0,0,0,0,0,0,0,0,0,0,0,0,0,0,0,0,0,0,0,0,0,0,0,0,0,0,8,12,14,23,23,46,46,60,144,144,144,337,412,438,698,772,968,968,1022,1691,1860,2388,2921,3334,3654,3713,4603,5022,6016,6040,6284,6883,6913,7068,7223,7432,7732,8038,8038,8348,8664,8735,9450,9655,9895,10124,11119,12159,12161,12281,15732,16177,0,0,0,0,0,0,0,0,0,0,0,0,0,0,0,0,0,0,0,0,0,0,0,0,0,0,0,0,0,0,0,0,0,0,0,0,0,0,0,0,0,0,0,0,0,0,0,0,0,0,0,0,0,1,1,1,1,3,6,6,12,14,22,22,36,42,59,69,85,102,114,119,133,143,157,171,185,191,213,226,235,246,257,272,277,285,293,300,309,314,319,321,329,335,337,339,339,341,0,0,0,0,0,0,0,0,0,0,0,0,0,0,0,0,0,0,0,0,0,0,0,0,0,0,0,0,0,0,0,0,0,0,0,0,0,0,0,0,0,0,0,0,0,0,8,12,14,23,23,46,46,59,143,143,143,334,406,432,686,758,946,946,986,1649,1801,2319,2836,3232,3540,3594,4470,4879,5859,5869,6099,6692,6700,6842,6988,7186,7475,7766,7766,8063,8371,8435,9141,9341,9576,9803,10790,11824,11824,11942,15393,15836
Arizona,7278717,0,0,0,0,0,0,0,0,0,0,0,0,0,0,0,0,0,0,0,0,0,0,0,0,0,0,0,0,0,0,0,0,0,0,0,0,0,0,0,0,0,0,0,0,29,30,36,49,49,49,57,68,91,103,133,133,143,162,176,219,276,344,434,574,670,773,924,8191,8328,13872,16759,19371,21058,22709,24673,27160,27410,32534,33375,34564,37178,37734,40530,42109,43347,44096,45310,47398,49230,51045,52990,54500,55152,56601,58697,60714,62508,64811,0,0,0,0,0,0,0,0,0,0,0,0,0,0,0,0,0,0,0,0,0,0,0,0,0,0,0,0,0,0,0,0,0,0,0,0,0,0,0,0,0,0,0,0,2,2,3,5,5,5,6,9,9,9,12,12,18,20,28,44,65,104,152,265,357,450,577,736,873,919,1157,1289,1413,1598,1769,2019,2269,2456,2575,2726,3018,3112,3393,3539,3702,3806,3962,4234,4507,4719,4929,5064,5251,5459,5769,6045,6280,6526,0,0,0,0,0,0,0,0,0,0,0,0,0,0,0,0,0,0,0,0,0,0,0,0,0,0,0,0,0,0,0,0,0,0,0,0,0,0,0,0,0,0,0,0,27,28,33,44,44,44,51,59,82,94,121,121,125,142,148,175,211,240,282,309,313,323,347,7455,7455,12953,15602,18082,19645,21111,22904,25141,25141,30078,30800,31838,34160,34622,37137,38570,39645,40290,41348,43164,44723,46326,48061,49436,49901,51142,52928,54669,56228,58285
Arkansas,3017804,0,0,0,0,0,0,0,0,0,0,0,0,0,0,0,0,0,0,0,0,0,0,0,0,0,0,0,0,0,0,0,0,0,0,0,0,0,0,0,0,0,0,0,0,0,0,6,6,6,12,12,12,30,39,77,119,154,219,269,356,447,685,876,1080,1165,1717,1839,1926,3342,3453,5735,6482,7938,8523,9699,10370,11242,12845,13638,14530,14951,17120,18578,19722,20804,21131,21834,22675,23494,24141,24209,26553,27441,29713,31590,35578,38053,39469,0,0,0,0,0,0,0,0,0,0,0,0,0,0,0,0,0,0,0,0,0,0,0,0,0,0,0,0,0,0,0,0,0,0,0,0,0,0,0,0,0,0,0,0,0,0,0,0,0,0,0,0,6,9,12,16,22,22,33,46,96,118,165,174,218,280,335,381,404,426,473,523,584,643,704,743,830,875,946,1000,1119,1171,1226,1280,1410,1480,1569,1620,1695,1739,1781,1923,2227,2276,2465,2741,2829,2941,0,0,0,0,0,0,0,0,0,0,0,0,0,0,0,0,0,0,0,0,0,0,0,0,0,0,0,0,0,0,0,0,0,0,0,0,0,0,0,0,0,0,0,0,0,0,6,6,6,12,12,12,24,30,65,103,132,197,236,310,351,567,711,906,947,1437,1504,1545,2938,3027,5262,5959,7354,7880,8995,9627,10412,11970,12692,13530,13832,15949,17352,18442,19394,19651,20265,21055,21799,22402,22428,24630,25214,27437,29125,32837,35224,36528
California,39512223,0,0,0,0,0,0,0,0,0,0,0,0,0,0,0,0,0,0,0,0,0,0,0,0,0,0,0,0,0,0,0,0,0,0,0,0,0,0,0,0,0,0,0,0,515,515,522,531,550,804,823,1073,1118,1118,1168,1209,8316,8464,8592,9711,11487,12528,12840,14300,15554,18276,20386,21259,25192,26257,26996,29254,29927,33000,35300,113700,116533,117431,131229,144264,163500,164863,172076,190328,190882,202208,216486,246400,251614,259666,280900,290500,300100,465327,482097,494173,506035,526084,0,0,0,0,0,0,0,0,0,0,0,0,0,0,0,0,0,0,0,0,0,0,0,0,0,0,0,0,0,0,0,0,0,0,0,0,0,0,0,0,0,0,0,0,53,53,60,69,88,114,133,157,202,202,252,293,335,483,611,924,1063,1279,1536,1733,2102,2355,3006,3879,4643,5708,6447,7482,8155,9191,10701,12026,13438,14336,15865,16957,18309,19472,19472,21794,22348,23338,24424,26182,27528,28963,30333,30978,33261,35396,37369,39254,41137,42164,0,0,0,0,0,0,0,0,0,0,0,0,0,0,0,0,0,0,0,0,0,0,0,0,0,0,0,0,0,0,0,0,0,0,0,0,0,0,0,0,0,0,0,0,462,462,462,462,462,690,690,916,916,916,916,916,7981,7981,7981,8787,10424,11249,11304,12567,13452,15921,17380,17380,20549,20549,20549,21772,21772,23809,24599,101674,103095,103095,115364,127307,145191,145391,152604,168534,168534,178870,192062,220218,224086,230703,250567,259522,266839,429931,444728,454919,464898,483920
Colorado,5758736,0,0,0,0,0,0,0,0,0,0,0,0,0,0,0,0,0,0,0,0,0,0,0,0,0,0,0,0,0,0,0,0,0,0,0,0,0,0,0,0,0,0,0,0,0,19,48,63,112,142,154,279,343,596,711,758,758,1216,1800,2328,2952,3680,4550,5436,6224,7701,8064,10122,11676,13276,15364,15364,16849,18645,20411,22071,23900,25773,26875,28094,29199,32653,32653,34873,37534,38742,39580,40533,41830,43307,44606,46195,47466,48704,50645,52324,56789,59791,0,0,0,0,0,0,0,0,0,0,0,0,0,0,0,0,0,0,0,0,0,0,0,0,0,0,0,0,0,0,0,0,0,0,0,0,0,0,0,0,0,0,0,0,0,0,2,8,8,9,12,28,45,72,101,131,131,160,183,216,277,363,475,591,720,912,1086,1430,1734,2061,2627,2627,2966,3342,3728,4173,4565,4950,5172,5429,5655,6510,6510,6893,7684,7691,7941,8280,8675,9047,9433,9730,10106,10447,10878,11262,12256,12968,0,0,0,0,0,0,0,0,0,0,0,0,0,0,0,0,0,0,0,0,0,0,0,0,0,0,0,0,0,0,0,0,0,0,0,0,0,0,0,0,0,0,0,0,0,19,46,55,104,133,142,251,298,524,610,627,627,1056,1617,2112,2675,3317,4075,4845,5504,6789,6978,8692,9942,11215,12737,12737,13883,15303,16683,17898,19335,20823,21703,22665,23544,26143,26143,27980,29850,31051,31639,32253,33155,34260,35173,36465,37360,38257,39767,41062,44533,46823
Connecticut,3565287,0,0,0,0,0,0,0,0,0,0,0,0,0,0,0,0,0,0,0,0,0,0,0,0,0,0,0,0,0,0,0,0,0,0,0,0,0,0,0,0,0,0,0,0,0,0,0,0,30,47,56,74,95,105,136,145,151,166,193,700,798,2300,3100,4500,5300,5898,6637,8400,8400,11900,14600,16157,16600,18300,20015,22029,23270,26686,29036,29036,33502,36288,39831,41220,44309,45841,50143,53122,55462,55462,58213,62806,64192,69918,71497,74038,77602,79811,0,0,0,0,0,0,0,0,0,0,0,0,0,0,0,0,0,0,0,0,0,0,0,0,0,0,0,0,0,0,0,0,0,0,0,0,0,0,0,0,0,0,0,0,0,0,0,0,1,1,2,3,6,6,11,20,26,41,68,96,194,194,223,415,618,875,1012,1291,1291,1993,2571,3128,3557,3824,4914,5276,5675,6906,7781,7781,9784,10538,11510,12035,13381,13989,14755,15884,16809,16809,17550,19815,20360,22469,23100,23921,24582,25269,0,0,0,0,0,0,0,0,0,0,0,0,0,0,0,0,0,0,0,0,0,0,0,0,0,0,0,0,0,0,0,0,0,0,0,0,0,0,0,0,0,0,0,0,0,0,0,0,29,46,54,71,89,99,125,125,125,125,125,604,604,2106,2877,4085,4682,5023,5625,7109,7109,9907,12029,13029,13043,14476,15101,16753,17595,19780,21255,21255,23718,25750,28321,29185,30928,31852,35388,37238,38653,38653,40663,42991,43832,47449,48397,50117,53020,54542
Delaware,973764,0,0,0,0,0,0,0,0,0,0,0,0,0,0,0,0,0,0,0,0,0,0,0,0,0,0,0,0,0,0,0,0,0,0,0,0,0,0,0,0,0,0,0,0,0,0,10,10,10,15,17,18,27,34,42,42,44,52,61,66,74,81,92,104,127,151,166,199,250,268,2480,4015,4383,4959,5445,6467,6994,6994,8556,8556,9890,11741,11741,11741,11820,12304,13102,13350,14017,14017,14794,16470,16656,16656,16912,17379,17698,19249,0,0,0,0,0,0,0,0,0,0,0,0,0,0,0,0,0,0,0,0,0,0,0,0,0,0,0,0,0,0,0,0,0,0,0,0,0,0,0,0,0,0,0,0,0,0,0,0,0,0,0,1,4,4,6,6,8,16,25,30,38,45,56,68,91,115,130,163,214,232,264,319,368,393,450,593,673,673,928,928,1207,1326,1479,1479,1625,1761,2014,2075,2323,2323,2538,2745,2931,3200,3308,3442,3576,4034,0,0,0,0,0,0,0,0,0,0,0,0,0,0,0,0,0,0,0,0,0,0,0,0,0,0,0,0,0,0,0,0,0,0,0,0,0,0,0,0,0,0,0,0,0,0,10,10,10,15,17,17,23,30,36,36,36,36,36,36,36,36,36,36,36,36,36,36,36,36,2216,3696,4015,4566,4995,5874,6321,6321,7628,7628,8683,10415,10415,10415,10415,10543,11088,11275,11694,11694,12256,13725,13725,13725,13725,13937,14122,15215
District of Columbia,705749,0,0,0,0,0,0,0,0,0,0,0,0,0,0,0,0,0,0,0,0,0,0,0,0,0,0,0,0,0,0,0,0,0,0,0,0,0,0,0,0,0,0,0,0,0,6,8,8,11,15,22,25,30,30,59,95,113,126,169,192,572,583,1055,1229,1332,1606,1857,2164,2515,2811,3083,3757,3848,5070,5584,6438,6834,7453,7823,8283,8724,9355,10039,10640,10934,11284,11525,12150,12643,13268,13699,14113,14939,15502,15930,16533,17302,18068,0,0,0,0,0,0,0,0,0,0,0,0,0,0,0,0,0,0,0,0,0,0,0,0,0,0,0,0,0,0,0,0,0,0,0,0,0,0,0,0,0,0,0,0,0,0,0,0,1,1,5,5,10,10,10,16,17,22,31,39,71,77,98,116,137,183,231,267,304,342,401,495,586,653,757,902,998,1097,1211,1440,1523,1660,1778,1875,1955,2058,2197,2350,2476,2666,2793,2927,3098,3206,3361,3528,3699,3841,0,0,0,0,0,0,0,0,0,0,0,0,0,0,0,0,0,0,0,0,0,0,0,0,0,0,0,0,0,0,0,0,0,0,0,0,0,0,0,0,0,0,0,0,0,6,8,8,10,14,17,20,20,20,49,79,96,104,138,153,501,506,957,1113,1195,1423,1626,1897,2211,2469,2682,3262,3262,4417,4827,5536,5836,6356,6612,6843,7201,7695,8261,8765,8979,9226,9328,9800,10167,10602,10906,11186,11841,12296,12569,13005,13603,14227
Florida,21477737,0,0,0,0,0,0,0,0,0,0,0,0,0,0,0,0,0,0,0,0,0,0,0,0,0,0,0,0,0,0,0,0,0,0,0,0,0,0,0,0,0,0,0,0,26,40,64,114,135,158,241,329,333,528,555,794,825,1126,1539,1923,2390,7237,8820,12234,14539,17056,26096,30951,39129,43316,53698,60623,66484,77296,91722,102067,113404,123274,138162,143134,152549,162830,172933,182753,196207,203180,213509,219248,234837,246527,256079,266225,277059,288627,296708,316959,333099,344613,0,0,0,0,0,0,0,0,0,0,0,0,0,0,0,0,0,0,0,0,0,0,0,0,0,0,0,0,0,0,0,0,0,0,0,0,0,0,0,0,0,0,0,0,2,9,9,14,17,18,19,28,32,50,77,116,141,186,314,390,520,658,830,1171,1412,1682,2355,2765,3763,4246,5473,6338,6955,8010,9585,11111,12151,13324,14747,15455,16364,17531,18494,19355,20601,21367,22511,22897,24119,25269,25996,26660,27495,28309,28832,30174,30839,31528,0,0,0,0,0,0,0,0,0,0,0,0,0,0,0,0,0,0,0,0,0,0,0,0,0,0,0,0,0,0,0,0,0,0,0,0,0,0,0,0,0,0,0,0,24,31,55,100,118,140,222,301,301,478,478,678,684,940,1225,1533,1870,6579,7990,11063,13127,15374,23741,28186,35366,39070,48225,54285,59529,69286,82137,90956,101253,109950,123415,127679,136185,145299,154439,163398,175606,181813,190998,196351,210718,221258,230083,239565,249564,260318,267876,286785,302260,313085
Georgia,10617423,0,0,0,0,0,0,0,0,0,0,0,0,0,0,0,0,0,0,0,0,0,0,0,0,0,0,0,0,0,0,0,0,0,0,0,0,0,0,0,0,0,0,0,0,2,2,2,6,7,12,17,22,31,42,66,99,121,146,1508,1831,2386,3064,4020,5069,5484,6179,8926,9865,11051,12564,12724,16181,20326,22957,25265,26294,27832,31274,33713,38787,41085,46147,51715,54453,57021,61795,64090,67939,71684,74208,79933,84328,88140,94072,101062,107176,119014,123223,0,0,0,0,0,0,0,0,0,0,0,0,0,0,0,0,0,0,0,0,0,0,0,0,0,0,0,0,0,0,0,0,0,0,0,0,0,0,0,0,0,0,0,0,2,2,2,6,7,12,17,22,31,42,66,99,121,146,197,287,420,507,600,772,1026,1247,1525,2001,2366,2651,2809,3929,4638,5348,5831,6160,6647,7314,8818,9901,10566,11483,12159,12452,13315,14223,14987,15669,17194,17669,18301,18947,19881,20740,21512,22147,22695,23401,0,0,0,0,0,0,0,0,0,0,0,0,0,0,0,0,0,0,0,0,0,0,0,0,0,0,0,0,0,0,0,0,0,0,0,0,0,0,0,0,0,0,0,0,0,0,0,0,0,0,0,0,0,0,0,0,0,0,1311,1544,1966,2557,3420,4297,4458,4932,7401,7864,8685,9913,9915,12252,15688,17609,19434,20134,21185,23960,24895,28886,30519,34664,39556,42001,43706,47572,49103,52270,54490,56539,61632,65381,68259,73332,79550,85029,96319,99822
Hawaii,1415872,0,0,0,0,0,0,0,0,0,0,0,0,0,0,0,0,0,0,0,0,0,0,0,0,0,0,0,0,0,0,0,0,0,0,0,0,0,0,0,0,0,0,0,0,0,0,0,1,1,2,2,2,2,2,2,2,7,10,107,109,150,161,311,3011,3666,4447,4452,4463,4477,7000,8000,8675,8929,10464,10491,12278,12955,13526,13542,15149,15751,16149,17531,17968,18844,19420,19803,20700,21857,22343,23470,24175,24696,25342,26128,26887,28040,28483,0,0,0,0,0,0,0,0,0,0,0,0,0,0,0,0,0,0,0,0,0,0,0,0,0,0,0,0,0,0,0,0,0,0,0,0,0,0,0,0,0,0,0,0,0,0,0,1,1,2,2,2,2,2,2,2,7,10,14,16,26,37,48,56,77,90,95,106,120,151,175,204,208,258,285,319,351,371,387,410,435,442,465,486,499,504,517,530,541,553,574,580,584,584,592,596,601,603,0,0,0,0,0,0,0,0,0,0,0,0,0,0,0,0,0,0,0,0,0,0,0,0,0,0,0,0,0,0,0,0,0,0,0,0,0,0,0,0,0,0,0,0,0,0,0,0,0,0,0,0,0,0,0,0,0,0,93,93,124,124,263,2955,3589,4357,4357,4357,4357,6849,7825,8471,8721,10206,10206,11959,12604,13155,13155,14739,15316,15707,17066,17482,18345,18916,19286,20170,21316,21790,22896,23595,24112,24760,25536,26291,27439,27880
Idaho,1787065,0,0,0,0,0,0,0,0,0,0,0,0,0,0,0,0,0,0,0,0,0,0,0,0,0,0,0,0,0,0,0,0,0,0,0,0,0,0,0,0,0,0,0,0,0,0,0,27,27,41,41,67,93,131,176,179,270,353,468,470,613,911,1217,1356,1937,1960,2188,2857,3572,4282,4706,5712,6601,7282,7945,8870,10261,10995,11246,11898,12531,13094,13764,14308,14881,15114,15398,15831,16183,16609,16869,17445,17660,17730,18092,19091,19361,19565,0,0,0,0,0,0,0,0,0,0,0,0,0,0,0,0,0,0,0,0,0,0,0,0,0,0,0,0,0,0,0,0,0,0,0,0,0,0,0,0,0,0,0,0,0,0,0,0,0,0,0,0,0,0,2,5,5,7,9,11,23,31,42,47,50,73,123,189,230,261,310,415,525,669,891,1013,1077,1101,1170,1210,1232,1353,1396,1407,1426,1453,1464,1587,1609,1655,1668,1672,1736,1766,1802,1836,1870,1887,0,0,0,0,0,0,0,0,0,0,0,0,0,0,0,0,0,0,0,0,0,0,0,0,0,0,0,0,0,0,0,0,0,0,0,0,0,0,0,0,0,0,0,0,0,0,0,27,27,41,41,67,93,131,174,174,265,346,459,459,590,880,1175,1309,1887,1887,2065,2668,3342,4021,4396,5297,6076,6613,7054,7857,9184,9894,10076,10688,11299,11741,12368,12901,13455,13661,13934,14244,14574,14954,15201,15773,15924,15964,16290,17255,17491,17678
Illinois,12671821,0,0,0,0,0,0,0,0,0,0,0,0,0,0,0,0,0,0,0,0,0,0,0,0,0,0,0,0,0,0,0,0,0,0,0,0,0,0,0,0,0,0,0,0,128,170,185,197,197,198,263,263,291,326,362,513,1025,1499,2051,3147,4281,6241,8320,9856,11469,14209,16631,21542,25491,27762,30446,35225,40384,43656,48048,53581,58983,62942,68732,75066,80857,87527,92149,100735,105768,110616,116929,122589,130163,137404,143318,148358,154997,164346,173316,189632,201617,214952,0,0,0,0,0,0,0,0,0,0,0,0,0,0,0,0,0,0,0,0,0,0,0,0,0,0,0,0,0,0,0,0,0,0,0,0,0,0,0,0,0,0,0,0,4,5,5,6,6,7,19,19,25,32,46,64,93,159,288,422,585,753,1049,1273,1535,1865,2538,3026,3491,4596,5057,5994,6980,7695,8904,10357,11256,12262,13549,15078,16422,17887,19180,20852,22025,23247,24593,25733,27575,29160,30357,31508,33059,35108,36934,39658,41777,43903,0,0,0,0,0,0,0,0,0,0,0,0,0,0,0,0,0,0,0,0,0,0,0,0,0,0,0,0,0,0,0,0,0,0,0,0,0,0,0,0,0,0,0,0,124,165,180,191,191,191,244,244,266,294,316,449,932,1340,1763,2725,3696,5488,7271,8583,9934,12344,14093,18516,22000,23166,25389,29231,33404,35961,39144,43224,47727,50680,55183,59988,64435,69640,72969,79883,83743,87369,92336,96856,102588,108244,112961,116850,121938,129238,136382,149974,159840,171049
Indiana,6732219,0,0,0,0,0,0,0,0,0,0,0,0,0,0,0,0,0,0,0,0,0,0,0,0,0,0,0,0,0,0,0,0,0,0,0,0,0,0,0,0,0,0,0,0,0,0,1,1,2,2,36,43,64,73,89,121,139,159,193,380,554,833,1494,1960,2931,3356,4651,6936,8407,9830,11658,13373,14375,16285,17835,19800,22652,26191,28764,30869,32133,35040,39215,42489,44539,46017,48396,51115,54785,56873,61142,64639,67264,69470,72040,75553,79774,81708,0,0,0,0,0,0,0,0,0,0,0,0,0,0,0,0,0,0,0,0,0,0,0,0,0,0,0,0,0,0,0,0,0,0,0,0,0,0,0,0,0,0,0,0,0,0,1,1,2,2,6,10,12,12,15,19,24,30,39,56,79,126,201,259,365,477,645,981,1232,1514,1786,2159,2565,3039,3437,3953,4411,4944,5507,5943,6351,6907,7435,7928,8236,8527,8955,9542,10154,10641,11210,11686,12097,12438,13039,13680,14395,15012,0,0,0,0,0,0,0,0,0,0,0,0,0,0,0,0,0,0,0,0,0,0,0,0,0,0,0,0,0,0,0,0,0,0,0,0,0,0,0,0,0,0,0,0,0,0,0,0,0,0,30,33,52,61,74,102,115,129,154,324,475,707,1293,1701,2566,2879,4006,5955,7175,8316,9872,11214,11810,13246,14398,15847,18241,21247,23257,24926,25782,28133,31780,34561,36303,37490,39441,41573,44631,46232,49932,52953,55167,57032,59001,61873,65379,66696
Iowa,3155070,0,0,0,0,0,0,0,0,0,0,0,0,0,0,0,0,0,0,0,0,0,0,0,0,0,0,0,0,0,0,0,0,0,0,0,0,0,0,0,0,0,0,0,0,0,0,15,15,15,29,40,59,81,99,100,101,105,106,112,121,687,1117,1305,2148,2439,2723,2757,3975,4673,5349,6586,7385,7853,8668,9453,10240,10841,11599,12718,13966,14973,15953,17132,17592,18696,18885,19869,20675,21792,22947,24550,25820,27615,28244,29262,31973,34350,36090,0,0,0,0,0,0,0,0,0,0,0,0,0,0,0,0,0,0,0,0,0,0,0,0,0,0,0,0,0,0,0,0,0,0,0,0,0,0,0,0,0,0,0,0,0,0,0,0,0,3,8,13,14,16,17,18,22,23,29,38,45,68,90,105,124,145,179,235,298,336,424,497,549,614,699,786,868,946,1048,1145,1270,1388,1510,1587,1710,1899,1995,2141,2332,2513,2902,3159,3641,3748,3924,4445,5092,5476,0,0,0,0,0,0,0,0,0,0,0,0,0,0,0,0,0,0,0,0,0,0,0,0,0,0,0,0,0,0,0,0,0,0,0,0,0,0,0,0,0,0,0,0,0,0,15,15,15,26,32,46,67,83,83,83,83,83,83,83,642,1049,1215,2043,2315,2578,2578,3740,4375,5013,6162,6888,7304,8054,8754,9454,9973,10653,11670,12821,13703,14565,15622,16005,16986,16986,17874,18534,19460,20434,21648,22661,23974,24496,25338,27528,29258,30614
Kansas,2913314,0,0,0,0,0,0,0,0,0,0,0,0,0,0,0,0,0,0,0,0,0,0,0,0,0,0,0,0,0,0,0,0,0,0,0,0,0,0,0,0,0,0,0,0,0,0,4,11,12,12,18,42,45,99,99,143,177,397,433,451,461,472,481,499,2184,2486,3037,3431,3932,4513,4922,5424,5893,6611,7074,7578,8223,9084,9514,10183,10775,11414,12343,13253,13864,14147,14668,16122,16901,17676,18130,18761,19101,20203,21318,23588,25199,26227,0,0,0,0,0,0,0,0,0,0,0,0,0,0,0,0,0,0,0,0,0,0,0,0,0,0,0,0,0,0,0,0,0,0,0,0,0,0,0,0,0,0,0,0,0,0,0,0,1,1,1,1,4,6,6,8,11,15,16,34,44,55,64,82,98,126,168,202,261,319,368,428,482,552,620,698,747,845,900,1046,1106,1166,1268,1337,1376,1426,1494,1588,1705,1790,1849,1986,2025,2211,2482,2777,3056,3174,0,0,0,0,0,0,0,0,0,0,0,0,0,0,0,0,0,0,0,0,0,0,0,0,0,0,0,0,0,0,0,0,0,0,0,0,0,0,0,0,0,0,0,0,0,0,4,11,11,11,17,41,41,93,93,135,166,382,417,417,417,417,417,417,2086,2360,2869,3229,3671,4194,4554,4996,5411,6059,6454,6880,7476,8239,8614,9137,9669,10248,11075,11916,12488,12721,13174,14534,15196,15886,16281,16775,17076,17992,18836,20811,22143,23053
Kentucky,4467673,0,0,0,0,0,0,0,0,0,0,0,0,0,0,0,0,0,0,0,0,0,0,0,0,0,0,0,0,0,0,0,0,0,0,0,0,0,0,0,0,0,0,0,0,0,0,7,10,14,21,34,54,64,118,153,155,255,317,380,489,639,768,1571,1866,1886,3022,3300,4016,5123,5541,6018,6810,7556,7900,12804,15572,16663,18767,19955,21604,21801,24288,24288,24567,25866,26683,27697,28324,29747,30596,32225,32572,32820,33328,36075,42844,44962,46558,0,0,0,0,0,0,0,0,0,0,0,0,0,0,0,0,0,0,0,0,0,0,0,0,0,0,0,0,0,0,0,0,0,0,0,0,0,0,0,0,0,0,0,0,0,0,0,1,1,4,6,8,8,11,14,16,21,22,26,35,47,54,99,104,124,157,198,248,302,394,439,480,591,680,770,831,917,955,1008,1149,1346,1693,1693,1840,1963,2048,2210,2291,2429,2522,2707,2960,3050,3192,3373,3481,3779,3905,0,0,0,0,0,0,0,0,0,0,0,0,0,0,0,0,0,0,0,0,0,0,0,0,0,0,0,0,0,0,0,0,0,0,0,0,0,0,0,0,0,0,0,0,0,0,7,9,13,17,28,46,56,107,139,139,234,295,354,454,592,714,1472,1762,1762,2865,3102,3768,4821,5147,5579,6330,6965,7220,12034,14741,15746,17812,18947,20455,20455,22595,22595,22727,23903,24635,25487,26033,27318,28074,29518,29612,29770,30136,32702,39363,41183,42653
Louisiana,4648794,0,0,0,0,0,0,0,0,0,0,0,0,0,0,0,0,0,0,0,0,0,0,0,0,0,0,0,0,0,0,0,0,0,0,0,0,0,0,0,0,0,0,0,0,0,0,0,0,5,6,12,43,51,73,178,247,302,457,575,805,1047,2765,3498,5948,8603,11451,18029,21359,25161,27871,34033,38967,45776,51086,53645,58498,60325,69166,74655,81406,86919,92280,96915,104045,108091,118422,121928,126586,131987,137999,141504,142099,142430,142834,143315,143716,143716,143716,0,0,0,0,0,0,0,0,0,0,0,0,0,0,0,0,0,0,0,0,0,0,0,0,0,0,0,0,0,0,0,0,0,0,0,0,0,0,0,0,0,0,0,0,0,0,0,0,0,1,1,6,14,36,69,91,114,171,240,347,479,585,837,1172,1388,1795,2305,2746,3315,3540,4025,5237,6424,9150,10297,12496,13010,14867,16284,17030,18283,19253,20014,20595,21016,21518,21951,22532,23118,23580,23928,24523,24854,25258,25739,26140,26512,26773,0,0,0,0,0,0,0,0,0,0,0,0,0,0,0,0,0,0,0,0,0,0,0,0,0,0,0,0,0,0,0,0,0,0,0,0,0,0,0,0,0,0,0,0,0,0,0,0,5,5,11,37,37,37,109,156,188,286,335,458,568,2180,2661,4776,7215,9656,15724,18613,21846,24331,30008,33730,39352,41936,43348,46002,47315,54299,58371,64376,68636,73027,76901,83450,87075,96904,99977,104054,108869,114419,117576,117576,117576,117576,117576,117576,117576,117576
Maine,1344212,0,0,0,0,0,0,0,0,0,0,0,0,0,0,0,0,0,0,0,0,0,0,0,0,0,0,0,0,0,0,0,0,0,0,0,0,0,0,0,0,0,0,0,0,0,0,0,1,1,1,20,42,66,94,94,94,781,1335,1713,2057,2321,2337,2353,2898,3139,3326,3549,3562,3605,3647,3669,6391,6432,6464,6520,6544,6558,6587,6607,6625,6648,6674,6704,6721,12306,12342,14846,14872,14903,14923,14943,14951,14964,17691,17721,17749,17774,17799,0,0,0,0,0,0,0,0,0,0,0,0,0,0,0,0,0,0,0,0,0,0,0,0,0,0,0,0,0,0,0,0,0,0,0,0,0,0,0,0,0,0,0,0,0,0,0,0,0,0,0,0,1,3,3,3,17,32,43,53,57,73,89,107,125,149,155,168,211,253,275,303,344,376,432,456,470,499,519,537,560,586,616,633,698,734,770,796,827,847,867,875,888,907,937,965,990,1015,0,0,0,0,0,0,0,0,0,0,0,0,0,0,0,0,0,0,0,0,0,0,0,0,0,0,0,0,0,0,0,0,0,0,0,0,0,0,0,0,0,0,0,0,0,0,0,1,1,1,20,42,65,91,91,91,764,1303,1670,2004,2264,2264,2264,2791,3014,3177,3394,3394,3394,3394,3394,6088,6088,6088,6088,6088,6088,6088,6088,6088,6088,6088,6088,6088,11608,11608,14076,14076,14076,14076,14076,14076,14076,16784,16784,16784,16784,16784
Maryland,6045680,0,0,0,0,0,0,0,0,0,0,0,0,0,0,0,0,0,0,0,0,0,0,0,0,0,0,0,0,0,0,0,0,0,0,0,0,0,0,0,0,0,0,0,0,0,17,29,44,55,78,95,103,106,111,120,125,131,151,179,201,243,284,338,382,443,517,674,868,12508,13593,14729,16528,19218,21221,23690,25610,28337,29617,31627,38462,41529,44448,47238,49764,51751,53733,55763,58843,62009,65370,67891,71397,73635,76529,80100,84716,89123,96665,0,0,0,0,0,0,0,0,0,0,0,0,0,0,0,0,0,0,0,0,0,0,0,0,0,0,0,0,0,0,0,0,0,0,0,0,0,0,0,0,0,0,0,0,0,0,3,3,3,5,6,9,12,17,26,31,37,57,85,107,149,190,244,288,349,423,580,774,992,1239,1413,1660,1985,2331,2758,3125,3609,4045,4371,5529,6185,6968,7694,8225,8936,9472,10032,10784,11572,12308,12830,13684,14193,14775,15737,16616,17766,18581,0,0,0,0,0,0,0,0,0,0,0,0,0,0,0,0,0,0,0,0,0,0,0,0,0,0,0,0,0,0,0,0,0,0,0,0,0,0,0,0,0,0,0,0,0,17,26,41,52,73,89,94,94,94,94,94,94,94,94,94,94,94,94,94,94,94,94,94,11516,12354,13316,14868,17233,18890,20932,22485,24728,25572,27256,32933,35344,37480,39544,41539,42815,44261,45731,48059,50437,53062,55061,57713,59442,61754,64363,68100,71357,78084
Massachusetts,6892503,0,0,0,0,0,0,0,0,0,0,0,0,0,0,0,0,0,0,0,0,0,0,0,0,0,0,0,0,0,0,0,0,0,0,0,0,0,0,0,0,0,0,0,0,0,0,0,0,0,0,0,0,8,23,38,712,1393,1869,2427,3376,4423,5651,6570,9619,14834,21557,25963,32546,39231,43946,48472,53482,59403,65501,73291,80465,84369,90198,96478,104233,113832,123320,131647,142225,149088,155038,162730,175082,187445,199658,208935,218878,227780,234615,252308,266182,280193,291038,0,0,0,0,0,0,0,0,0,0,0,0,0,0,0,0,0,0,0,0,0,0,0,0,0,0,0,0,0,0,0,0,0,0,0,0,0,0,0,0,0,0,0,0,0,0,0,0,0,0,0,0,8,23,38,64,97,118,156,229,314,426,547,678,1060,1739,2318,3151,4158,4856,5653,6521,7639,8867,10303,11637,12402,13739,15104,16692,18843,20878,22766,25381,26794,28109,29970,32492,35125,37527,39820,41416,43168,44913,47992,50969,53348,54938,0,0,0,0,0,0,0,0,0,0,0,0,0,0,0,0,0,0,0,0,0,0,0,0,0,0,0,0,0,0,0,0,0,0,0,0,0,0,0,0,0,0,0,0,0,0,0,0,0,0,0,0,0,0,0,648,1296,1751,2271,3147,4109,5225,6023,8941,13774,19818,23645,29395,35073,39090,42819,46961,51764,56634,62988,68828,71967,76459,81374,87541,94989,102442,108881,116844,122294,126929,132760,142590,152320,162131,169115,177462,184612,189702,204316,215213,226845,236100
Michigan,9986857,0,0,0,0,0,0,0,0,0,0,0,0,0,0,0,0,0,0,0,0,0,0,0,0,0,0,0,0,0,0,0,0,0,0,0,0,0,0,0,0,0,9,18,34,52,80,106,146,194,290,397,554,793,1078,1401,1685,2205,3019,4128,5177,6773,8239,8810,10486,12237,14597,18072,21298,23470,25686,32084,35854,40125,44485,48922,53800,57898,61970,65373,66139,67054,72044,76014,79437,82644,86226,89697,94286,98959,99727,109661,113798,117226,118225,128321,136296,144044,151006,0,0,0,0,0,0,0,0,0,0,0,0,0,0,0,0,0,0,0,0,0,0,0,0,0,0,0,0,0,0,0,0,0,0,0,0,0,0,0,0,0,9,18,34,52,72,98,128,168,254,358,497,702,945,1196,1480,1933,2393,2913,3392,4027,4543,5098,5789,6441,7060,7767,8659,9287,10010,10901,11875,12888,14117,15252,16395,17567,18850,19823,20589,21504,22783,23993,24638,25635,27001,28059,29263,30023,30791,31424,32000,32967,33966,35291,36641,37203,37778,0,0,0,0,0,0,0,0,0,0,0,0,0,0,0,0,0,0,0,0,0,0,0,0,0,0,0,0,0,0,0,0,0,0,0,0,0,0,0,0,0,0,0,0,0,8,8,18,26,36,39,57,91,133,205,205,272,626,1215,1785,2746,3696,3712,4697,5796,7537,10305,12639,14183,15676,21183,23979,27237,30368,33670,37405,40331,43120,45550,45550,45550,49261,52021,54799,57009,59225,61638,65023,68936,68936,78237,81798,84259,84259,93030,99655,106841,113228
Minnesota,5639632,0,0,0,0,0,0,0,0,0,0,0,0,0,0,0,0,0,0,0,0,0,0,0,0,0,0,0,0,0,0,0,0,0,0,0,0,0,0,0,0,0,0,0,0,0,0,36,49,49,82,135,222,316,555,868,1422,1893,2336,2762,3038,3856,4090,4680,4746,5812,11475,12950,14003,16129,17657,18822,19780,21191,22394,24227,25423,26777,28128,29260,30753,32294,33894,35404,37421,38427,39241,40242,41675,43053,44268,45716,46850,47697,49344,51548,53787,56597,58987,0,0,0,0,0,0,0,0,0,0,0,0,0,0,0,0,0,0,0,0,0,0,0,0,0,0,0,0,0,0,0,0,0,0,0,0,0,0,0,0,0,0,0,0,0,0,0,1,1,2,3,5,9,14,21,35,54,60,77,89,115,138,169,235,262,287,346,398,441,503,576,629,689,742,789,865,935,986,1069,1154,1242,1336,1427,1621,1650,1695,1809,1912,2071,2213,2356,2470,2567,2721,2942,3185,3446,3602,0,0,0,0,0,0,0,0,0,0,0,0,0,0,0,0,0,0,0,0,0,0,0,0,0,0,0,0,0,0,0,0,0,0,0,0,0,0,0,0,0,0,0,0,0,0,36,48,48,80,132,217,307,541,847,1387,1839,2276,2685,2949,3741,3952,4511,4511,5550,11188,12604,13605,15688,17154,18246,19151,20502,21652,23438,24558,25842,27142,28191,29599,31052,32558,33977,35800,36777,37546,38433,39763,40982,42055,43360,44380,45130,46623,48606,50602,53151,55385
Mississippi,2976149,0,0,0,0,0,0,0,0,0,0,0,0,0,0,0,0,0,0,0,0,0,0,0,0,0,0,0,0,0,0,0,0,0,0,0,0,0,0,0,0,0,0,0,0,0,0,0,0,0,0,0,20,42,45,90,94,289,389,513,602,775,835,1321,1392,1872,1943,2776,3139,3223,3318,3836,4474,4785,5930,6111,6588,7218,20370,20547,20635,20892,21101,21274,21413,30984,37878,38151,38415,38584,38765,39065,51434,52364,53835,55389,55670,58957,60788,0,0,0,0,0,0,0,0,0,0,0,0,0,0,0,0,0,0,0,0,0,0,0,0,0,0,0,0,0,0,0,0,0,0,0,0,0,0,0,0,0,0,0,0,0,0,0,0,0,0,0,0,1,4,6,10,12,21,34,50,80,140,207,249,320,377,485,579,663,758,847,937,1073,1177,1358,1455,1638,1738,1915,2003,2260,2469,2642,2781,2942,3087,3360,3624,3793,3974,4274,4512,4716,4894,5153,5434,5718,5911,0,0,0,0,0,0,0,0,0,0,0,0,0,0,0,0,0,0,0,0,0,0,0,0,0,0,0,0,0,0,0,0,0,0,0,0,0,0,0,0,0,0,0,0,0,0,0,0,0,0,0,20,41,41,84,84,277,368,479,552,695,695,1114,1143,1552,1566,2291,2560,2560,2560,2989,3537,3712,4753,4753,5133,5580,18632,18632,18632,18632,18632,18632,18632,28042,34791,34791,34791,34791,34791,34791,46922,47648,48941,50236,50236,53239,54877
Missouri,6137428,0,0,0,0,0,0,0,0,0,0,0,0,0,0,0,0,0,0,0,0,0,0,0,0,0,0,0,0,0,0,0,0,0,0,0,0,0,0,0,0,0,0,0,0,0,0,0,0,1,1,1,1,65,73,94,127,170,215,266,332,416,442,459,552,552,725,871,1038,10920,12385,14235,15941,17427,19683,21470,24905,27249,29835,31969,34110,38494,40740,43172,45200,45428,47978,49012,50648,51717,53759,53909,56013,57120,58156,59450,65207,67218,69748,0,0,0,0,0,0,0,0,0,0,0,0,0,0,0,0,0,0,0,0,0,0,0,0,0,0,0,0,0,0,0,0,0,0,0,0,0,0,0,0,0,0,0,0,0,0,0,0,1,1,1,1,1,2,4,5,6,8,13,24,47,73,90,183,183,356,502,669,838,838,1031,1327,1581,1834,2113,2291,2367,2722,3037,3327,3539,3799,4024,4160,4388,4686,4895,5111,5283,5517,5667,5807,5941,6137,6321,6625,6826,6997,0,0,0,0,0,0,0,0,0,0,0,0,0,0,0,0,0,0,0,0,0,0,0,0,0,0,0,0,0,0,0,0,0,0,0,0,0,0,0,0,0,0,0,0,0,0,0,0,0,0,0,0,64,71,90,122,164,207,253,308,369,369,369,369,369,369,369,369,10082,11547,13204,14614,15846,17849,19357,22614,24882,27113,28932,30783,34955,36941,39148,41040,41040,43292,44117,45537,46434,48242,48242,50206,51179,52019,53129,58582,60392,62751
Montana,1068778,0,0,0,0,0,0,0,0,0,0,0,0,0,0,0,0,0,0,0,0,0,0,0,0,0,0,0,0,0,0,0,0,0,0,0,0,0,0,0,0,0,0,0,0,0,0,0,11,11,11,15,21,35,56,108,110,205,311,509,773,947,1166,1177,1180,1689,2001,2199,2698,3385,4297,4314,4418,4918,5320,5576,6177,6603,6790,6985,7398,7860,8297,8581,8913,9098,9234,9583,9936,10244,10569,10898,11051,11241,11583,11875,12127,12497,12862,0,0,0,0,0,0,0,0,0,0,0,0,0,0,0,0,0,0,0,0,0,0,0,0,0,0,0,0,0,0,0,0,0,0,0,0,0,0,0,0,0,0,0,0,0,0,0,0,0,0,0,0,1,1,5,7,7,8,10,12,16,20,31,34,46,53,71,108,129,154,171,184,208,227,243,265,286,299,319,332,354,365,377,387,394,399,404,415,422,426,433,433,437,439,442,444,445,448,0,0,0,0,0,0,0,0,0,0,0,0,0,0,0,0,0,0,0,0,0,0,0,0,0,0,0,0,0,0,0,0,0,0,0,0,0,0,0,0,0,0,0,0,0,0,0,11,11,11,15,21,34,55,103,103,198,303,499,761,931,1146,1146,1146,1643,1948,2128,2590,3256,4143,4143,4234,4710,5093,5333,5912,6317,6491,6666,7066,7506,7932,8204,8526,8704,8835,9179,9521,9822,10143,10465,10618,10804,11144,11433,11683,12052,12414
Nebraska,1934408,0,0,0,0,0,0,0,0,0,0,0,0,0,0,0,0,0,0,0,0,0,0,0,0,0,0,0,0,0,0,0,0,0,0,0,0,0,0,0,0,0,0,0,0,0,17,17,18,18,39,50,52,90,93,94,97,188,227,230,267,272,394,404,406,1027,1365,1657,1846,2000,2076,2729,3103,3685,4224,4766,5379,5921,6787,7258,7961,8683,9354,9985,10691,10972,11357,11729,12294,13104,13677,14575,15680,16372,16679,17360,18612,19973,21228,0,0,0,0,0,0,0,0,0,0,0,0,0,0,0,0,0,0,0,0,0,0,0,0,0,0,0,0,0,0,0,0,0,0,0,0,0,0,0,0,0,0,0,0,0,0,0,1,1,3,3,5,10,13,14,17,18,21,24,27,32,38,48,50,52,61,73,85,96,108,145,172,210,246,279,321,363,409,447,519,567,635,700,791,814,871,901,952,1066,1138,1287,1474,1648,1722,1813,2124,2421,2732,0,0,0,0,0,0,0,0,0,0,0,0,0,0,0,0,0,0,0,0,0,0,0,0,0,0,0,0,0,0,0,0,0,0,0,0,0,0,0,0,0,0,0,0,0,17,17,17,17,36,47,47,80,80,80,80,170,206,206,240,240,356,356,356,975,1304,1584,1761,1904,1968,2584,2931,3475,3978,4487,5058,5558,6378,6811,7442,8116,8719,9285,9900,10158,10486,10828,11342,12038,12539,13288,14206,14724,14957,15547,16488,17552,18496
Nevada,3080156,0,0,0,0,0,0,0,0,0,0,0,0,0,0,0,0,0,0,0,0,0,0,0,0,0,0,0,0,0,0,0,0,0,0,0,0,0,0,0,0,0,0,0,0,0,15,15,15,15,15,15,173,175,179,188,189,213,223,223,1721,2101,2508,2638,3735,4232,4572,5117,6696,8522,9150,11215,11794,12798,14046,14532,16163,16831,17629,18639,20566,21771,22749,23587,24611,25464,26661,27655,28451,29762,30751,31598,32347,33055,33888,34749,36192,37208,38186,0,0,0,0,0,0,0,0,0,0,0,0,0,0,0,0,0,0,0,0,0,0,0,0,0,0,0,0,0,0,0,0,0,0,0,0,0,0,0,0,0,0,0,0,0,1,1,1,1,1,1,5,7,11,20,21,45,55,55,95,109,124,190,245,278,321,420,535,621,738,1008,1113,1279,1458,1514,1742,1836,1953,2087,2318,2456,2584,2700,2836,2971,3088,3211,3321,3524,3626,3728,3830,3937,4081,4208,4398,4539,4602,0,0,0,0,0,0,0,0,0,0,0,0,0,0,0,0,0,0,0,0,0,0,0,0,0,0,0,0,0,0,0,0,0,0,0,0,0,0,0,0,0,0,0,0,0,14,14,14,14,14,14,168,168,168,168,168,168,168,168,1626,1992,2384,2448,3490,3954,4251,4697,6161,7901,8412,10207,10681,11519,12588,13018,14421,14995,15676,16552,18248,19315,20165,20887,21775,22493,23573,24444,25130,26238,27125,27870,28517,29118,29807,30541,31794,32669,33584
New Hampshire,1359711,0,0,0,0,0,0,0,0,0,0,0,0,0,0,0,0,0,0,0,0,0,0,0,0,0,0,0,0,0,0,0,0,0,0,0,0,0,0,0,0,0,0,0,0,12,18,22,22,42,42,42,42,100,100,219,284,284,372,539,660,789,1028,1253,1452,1548,2464,3138,3553,3843,4738,5700,5727,6400,6493,7054,7505,8032,8370,8734,9177,9551,9958,10493,10925,11207,11610,12166,12166,12708,12852,13424,14118,14339,15041,16012,16809,17727,18751,0,0,0,0,0,0,0,0,0,0,0,0,0,0,0,0,0,0,0,0,0,0,0,0,0,0,0,0,0,0,0,0,0,0,0,0,0,0,0,0,0,0,0,0,2,2,2,2,4,4,4,4,6,6,7,13,13,17,26,39,44,55,65,78,101,108,137,158,187,214,314,314,415,415,479,540,621,669,715,788,788,819,885,929,985,1020,1139,1139,1287,1287,1342,1392,1491,1491,1588,1670,1720,1787,0,0,0,0,0,0,0,0,0,0,0,0,0,0,0,0,0,0,0,0,0,0,0,0,0,0,0,0,0,0,0,0,0,0,0,0,0,0,0,0,0,0,0,0,10,16,20,20,38,38,38,38,94,94,212,271,271,355,513,621,745,973,1188,1374,1447,2356,3001,3395,3656,4524,5386,5413,5985,6078,6575,6965,7411,7701,8019,8389,8763,9139,9608,9996,10222,10590,11027,11027,11421,11565,12082,12726,12848,13550,14424,15139,16007,16964
New Jersey,8882190,0,0,0,0,0,0,0,0,0,0,0,0,0,0,0,0,0,0,0,0,0,0,0,0,0,0,0,0,0,0,0,0,0,0,0,0,0,0,0,0,0,0,0,0,0,1,1,4,37,46,59,81,104,147,147,218,298,430,617,952,1154,1621,2241,3203,12000,14854,20537,25372,30510,35602,41860,45773,52642,59110,67503,75356,82166,89032,94974,100416,107192,113523,120193,126735,129469,139774,144021,151830,157449,162536,170688,178057,184826,191659,200148,205962,213686,223144,0,0,0,0,0,0,0,0,0,0,0,0,0,0,0,0,0,0,0,0,0,0,0,0,0,0,0,0,0,0,0,0,0,0,0,0,0,0,0,0,0,0,0,0,0,1,1,4,6,11,15,24,30,50,50,98,178,267,427,742,890,1327,1914,2844,3675,4402,6876,8825,11124,13386,16636,18696,22255,25590,29895,34124,37505,41090,44416,47437,51027,54588,58151,61850,64584,68824,71030,75317,78467,81420,85301,88806,92387,95865,99989,102196,105523,109038,0,0,0,0,0,0,0,0,0,0,0,0,0,0,0,0,0,0,0,0,0,0,0,0,0,0,0,0,0,0,0,0,0,0,0,0,0,0,0,0,0,0,0,0,0,0,0,0,31,35,44,57,74,97,97,120,120,163,190,210,264,294,327,359,8325,10452,13661,16547,19386,22216,25224,27077,30387,33520,37608,41232,44661,47942,50558,52979,56165,58935,62042,64885,64885,70950,72991,76513,78982,81116,85387,89251,92439,95794,100159,103766,108163,114106
New Mexico,2096829,0,0,0,0,0,0,0,0,0,0,0,0,0,0,0,0,0,0,0,0,0,0,0,0,0,0,0,0,0,0,0,0,0,0,0,0,0,0,0,0,0,0,0,0,0,0,16,48,48,57,69,90,160,200,247,495,583,1272,2354,2797,3814,3828,4779,5386,5973,6842,7793,8513,9387,11006,11179,12527,13240,14011,14778,15632,16828,19136,21825,22245,23807,27098,27098,28692,30515,31970,32850,33394,34488,35613,36632,37042,38755,40877,41232,46563,51510,53735,0,0,0,0,0,0,0,0,0,0,0,0,0,0,0,0,0,0,0,0,0,0,0,0,0,0,0,0,0,0,0,0,0,0,0,0,0,0,0,0,0,0,0,0,0,0,0,0,0,0,0,3,5,10,10,13,17,23,28,35,43,57,57,65,83,100,112,136,191,237,237,281,315,363,403,495,543,624,686,794,865,1091,1091,1174,1245,1345,1407,1484,1597,1711,1798,1845,1971,2072,2210,2379,2521,2660,0,0,0,0,0,0,0,0,0,0,0,0,0,0,0,0,0,0,0,0,0,0,0,0,0,0,0,0,0,0,0,0,0,0,0,0,0,0,0,0,0,0,0,0,0,0,16,48,48,57,69,87,155,190,237,482,566,1249,2326,2762,3771,3771,4722,5321,5890,6742,7681,8377,9196,10769,10942,12246,12925,13648,14375,15137,16285,18512,21139,21451,22942,26007,26007,27518,29270,30625,31443,31910,32891,33902,34834,35197,36784,38805,39022,44184,48989,51075
New York,19453561,0,0,0,0,0,0,0,0,0,0,0,0,0,0,0,0,0,0,0,0,0,0,0,0,0,0,0,0,0,0,0,0,0,0,0,0,0,0,0,0,0,0,0,0,54,98,125,168,197,234,265,308,308,3200,3303,5272,5493,7206,14597,22284,32427,45437,61401,78289,91270,103479,122104,145753,155934,172360,186468,205186,220880,238965,260520,283621,302280,320811,340058,365153,391549,417885,440980,461601,478357,499143,526012,550579,573223,596532,617555,633861,649325,669982,695920,730656,777568,805350,0,0,0,0,0,0,0,0,0,0,0,0,0,0,0,0,0,0,0,0,0,0,0,0,0,0,0,0,0,0,0,0,0,0,0,0,0,0,0,0,0,0,0,0,6,22,33,76,105,142,173,216,216,421,524,729,950,1700,2382,4152,7102,10356,15168,20875,25665,30811,37258,44635,52318,59513,66497,75795,83712,92381,102863,113704,122031,130689,138863,149316,159937,170512,180458,188694,195031,202208,213779,222284,229642,236732,242786,247512,251690,257216,263460,271590,282143,288045,0,0,0,0,0,0,0,0,0,0,0,0,0,0,0,0,0,0,0,0,0,0,0,0,0,0,0,0,0,0,0,0,0,0,0,0,0,0,0,0,0,0,0,0,48,76,92,92,92,92,92,92,92,2779,2779,4543,4543,5506,12215,18132,25325,35081,46233,57414,65605,72668,84846,101118,103616,112847,119971,129391,137168,146584,157657,169917,180249,190122,201195,215837,231612,247373,260522,272907,283326,296935,312233,328295,343581,359800,374769,386349,397635,412766,432460,459066,495425,517305
North Carolina,10488084,0,0,0,0,0,0,0,0,0,0,0,0,0,0,0,0,0,0,0,0,0,0,0,0,0,0,0,0,0,0,0,0,0,0,0,0,0,0,0,0,0,0,0,0,1,1,2,2,2,2,7,7,72,101,160,259,329,514,1850,2505,3233,5276,6438,8438,8539,10489,12910,15136,17527,18945,20864,23106,26243,28679,31598,38773,40045,40726,41082,42987,47809,57645,60393,62139,63388,65039,67827,70917,72981,76211,78772,79484,83331,90336,96185,100584,105265,107894,0,0,0,0,0,0,0,0,0,0,0,0,0,0,0,0,0,0,0,0,0,0,0,0,0,0,0,0,0,0,0,0,0,0,0,0,0,0,0,0,0,0,0,0,1,1,2,2,2,2,7,7,12,15,23,32,33,40,63,97,137,184,255,297,398,504,636,763,935,1040,1307,1498,1584,1857,2093,2402,2585,2870,3221,3426,3651,3908,4312,4520,4816,5024,5123,5465,5859,6140,6493,6764,6951,7220,7608,8052,8623,8830,0,0,0,0,0,0,0,0,0,0,0,0,0,0,0,0,0,0,0,0,0,0,0,0,0,0,0,0,0,0,0,0,0,0,0,0,0,0,0,0,0,0,0,0,0,0,0,0,0,0,0,0,60,86,137,227,296,474,1787,2408,3096,5092,6183,8141,8141,9985,12274,14373,16592,17905,19557,21608,24659,26822,29505,36371,37460,37856,37861,39561,44158,53737,56081,57619,58572,60015,62704,65452,67122,70071,72279,72720,76380,83116,88577,92532,96642,99064
North Dakota,762062,0,0,0,0,0,0,0,0,0,0,0,0,0,0,0,0,0,0,0,0,0,0,0,0,0,0,0,0,0,0,0,0,0,0,0,0,0,0,0,0,0,0,0,0,0,0,0,0,0,0,6,7,13,40,55,96,124,223,274,508,820,1169,1288,1383,1488,1773,2091,2492,2892,3453,3837,4257,4493,4980,5798,6207,6787,7213,7703,8552,8990,9608,10080,10350,10781,10916,11317,11704,12342,12963,13630,14747,14987,15589,16330,17449,19350,20717,0,0,0,0,0,0,0,0,0,0,0,0,0,0,0,0,0,0,0,0,0,0,0,0,0,0,0,0,0,0,0,0,0,0,0,0,0,0,0,0,0,0,0,0,0,0,0,0,0,0,0,0,1,1,1,1,1,3,6,15,20,28,28,30,34,39,52,65,83,98,109,126,142,159,173,186,207,225,237,251,269,278,293,308,331,341,365,393,439,528,585,627,644,679,709,748,803,867,0,0,0,0,0,0,0,0,0,0,0,0,0,0,0,0,0,0,0,0,0,0,0,0,0,0,0,0,0,0,0,0,0,0,0,0,0,0,0,0,0,0,0,0,0,0,0,0,0,0,6,7,12,39,54,95,123,220,268,493,800,1141,1260,1353,1454,1734,2039,2427,2809,3355,3728,4131,4351,4821,5625,6021,6580,6988,7466,8301,8721,9330,9787,10042,10450,10575,10952,11311,11903,12435,13045,14120,14343,14910,15621,16701,18547,19850
Ohio,11689100,0,0,0,0,0,0,0,0,0,0,0,0,0,0,0,0,0,0,0,0,0,0,0,0,0,0,0,0,0,0,0,0,0,0,0,0,0,0,0,0,0,0,0,0,0,7,8,9,10,14,17,25,35,63,63,175,190,207,228,259,309,387,491,582,704,14764,17316,20149,20418,20665,27275,29191,29539,34918,38375,41871,43756,48378,50838,53341,55985,58531,60408,63243,65112,67874,71552,74840,77677,78758,86989,90436,94239,97998,102325,107109,111379,115783,0,0,0,0,0,0,0,0,0,0,0,0,0,0,0,0,0,0,0,0,0,0,0,0,0,0,0,0,0,0,0,0,0,0,0,0,0,0,0,0,0,0,0,0,0,0,0,0,0,3,3,4,5,13,13,36,50,67,88,119,169,247,351,442,564,704,867,1137,1406,1653,1933,2199,2547,2902,3312,3739,4043,4450,4782,5148,5512,5836,6187,6604,6975,7153,7791,8414,8858,9939,11292,12516,13250,13609,14142,14581,14983,15360,0,0,0,0,0,0,0,0,0,0,0,0,0,0,0,0,0,0,0,0,0,0,0,0,0,0,0,0,0,0,0,0,0,0,0,0,0,0,0,0,0,0,0,0,0,7,8,9,10,11,14,21,30,50,50,139,140,140,140,140,140,140,140,140,140,14060,16449,19012,19012,19012,25342,26992,26992,32016,35063,38132,39713,43928,46056,48193,50473,52695,54221,56639,58137,60721,63761,66426,68819,68819,75697,77920,80989,84389,88183,92528,96396,100423
Oklahoma,3956971,0,0,0,0,0,0,0,0,0,0,0,0,0,0,0,0,0,0,0,0,0,0,0,0,0,0,0,0,0,0,0,0,0,0,0,0,0,0,0,0,0,0,0,0,0,0,0,1,9,9,17,17,39,39,40,127,184,264,407,510,587,613,736,775,841,969,1206,1406,1557,1634,1688,1794,1967,2144,2303,2521,2653,2749,13293,13345,20279,22164,22658,22760,22859,28269,29219,30899,33620,35536,35565,35646,44344,45913,46036,46140,53084,53144,0,0,0,0,0,0,0,0,0,0,0,0,0,0,0,0,0,0,0,0,0,0,0,0,0,0,0,0,0,0,0,0,0,0,0,0,0,0,0,0,0,0,0,0,0,0,0,1,1,1,2,2,3,3,4,9,10,17,29,44,49,53,67,81,106,164,248,322,377,429,481,565,719,879,988,1159,1252,1327,1472,1524,1684,1794,1868,1970,2069,2184,2263,2357,2465,2570,2599,2680,2807,2894,3017,3121,3193,3253,0,0,0,0,0,0,0,0,0,0,0,0,0,0,0,0,0,0,0,0,0,0,0,0,0,0,0,0,0,0,0,0,0,0,0,0,0,0,0,0,0,0,0,0,0,0,0,0,8,8,15,15,36,36,36,118,174,247,378,466,538,560,669,694,735,805,958,1084,1180,1205,1207,1229,1248,1265,1315,1362,1401,1422,11821,11821,18595,20370,20790,20790,20790,26085,26956,28542,31155,32966,32966,32966,41537,43019,43019,43019,49891,49891
Oregon,4217737,0,0,0,0,0,0,0,0,0,0,0,0,0,0,0,0,0,0,0,0,0,0,0,0,0,0,0,0,0,0,0,0,0,0,0,0,0,0,0,0,0,0,0,0,32,48,67,84,114,179,228,305,305,367,367,456,618,736,1193,1417,2117,2117,3025,3840,4559,4559,7280,8924,10172,11426,12883,13826,13872,16085,17434,17534,20624,21801,23007,24564,25627,25627,27224,29758,31121,32363,33351,34938,36321,37583,39038,40045,41128,41185,43976,45492,47377,48964,0,0,0,0,0,0,0,0,0,0,0,0,0,0,0,0,0,0,0,0,0,0,0,0,0,0,0,0,0,0,0,0,0,0,0,0,0,0,0,0,0,0,0,0,3,3,3,7,14,14,15,19,19,30,30,36,39,47,75,88,114,114,161,191,209,209,327,414,479,548,606,690,736,826,899,999,1068,1132,1181,1239,1321,1321,1371,1527,1584,1633,1663,1736,1785,1844,1910,1956,2002,2059,2127,2177,2253,2311,0,0,0,0,0,0,0,0,0,0,0,0,0,0,0,0,0,0,0,0,0,0,0,0,0,0,0,0,0,0,0,0,0,0,0,0,0,0,0,0,0,0,0,0,29,45,64,77,100,165,213,286,286,337,337,420,579,689,1118,1329,2003,2003,2864,3649,4350,4350,6953,8510,9693,10878,12277,13136,13136,15259,16535,16535,19556,20669,21826,23325,24306,24306,25853,28231,29537,30730,31688,33202,34536,35739,37128,38089,39126,39126,41849,43315,45124,46653
Pennsylvania,12801989,0,0,0,0,0,0,0,0,0,0,0,0,0,0,0,0,0,0,0,0,0,0,0,0,0,0,0,0,0,0,0,0,0,0,0,0,0,0,0,0,0,0,0,0,0,0,2,4,6,10,12,104,138,181,252,268,746,975,1320,1793,2842,4137,5443,7239,9494,12320,18128,23234,28005,33455,37864,42488,48232,54714,62115,70030,77771,83854,91278,98538,105602,113019,120153,124890,129792,133631,137584,141470,147373,153965,158854,162952,166851,171317,178708,186143,192935,198593,0,0,0,0,0,0,0,0,0,0,0,0,0,0,0,0,0,0,0,0,0,0,0,0,0,0,0,0,0,0,0,0,0,0,0,0,0,0,0,0,0,0,0,0,0,0,2,4,6,10,12,16,22,41,47,63,76,96,133,185,268,371,479,644,851,1127,1687,2218,2751,3394,4087,4843,5805,7016,8420,10017,11510,12980,14559,16239,18228,19979,21655,22833,24199,25345,26490,27735,29441,31069,32284,33232,34528,35045,36647,38652,40049,41165,0,0,0,0,0,0,0,0,0,0,0,0,0,0,0,0,0,0,0,0,0,0,0,0,0,0,0,0,0,0,0,0,0,0,0,0,0,0,0,0,0,0,0,0,0,0,0,0,0,0,0,88,116,140,205,205,670,879,1187,1608,2574,3766,4964,6595,8643,11193,16441,21016,25254,30061,33777,37645,42427,47698,53695,60013,66261,70874,76719,82299,87374,93040,98498,102057,105593,108286,111094,113735,117932,122896,126570,129720,132323,136272,142061,147491,152886,157428
Rhode Island,1059361,0,0,0,0,0,0,0,0,0,0,0,0,0,0,0,0,0,0,0,0,0,0,0,0,0,0,0,0,0,0,0,0,0,0,0,0,0,0,0,0,0,1,1,8,13,19,20,32,33,33,61,99,99,156,218,291,329,426,573,698,854,928,1015,1249,1324,1394,1427,2509,2780,3134,3589,3965,4397,5069,5566,6390,7181,8481,10307,12132,12409,14296,18207,20350,20661,22900,25897,28064,30761,32826,34699,37080,39333,41722,44419,47257,50891,53403,0,0,0,0,0,0,0,0,0,0,0,0,0,0,0,0,0,0,0,0,0,0,0,0,0,0,0,0,0,0,0,0,0,0,0,0,0,0,0,0,0,1,1,2,2,2,3,3,3,3,3,5,5,14,20,20,21,23,33,44,54,66,83,106,124,132,165,203,239,294,402,489,566,657,709,806,922,1082,1230,1450,1727,2015,2349,2665,2976,3251,3529,3838,4177,4491,4706,5090,5500,5841,6256,6699,7129,7439,0,0,0,0,0,0,0,0,0,0,0,0,0,0,0,0,0,0,0,0,0,0,0,0,0,0,0,0,0,0,0,0,0,0,0,0,0,0,0,0,0,0,0,6,11,17,17,30,30,30,58,94,94,142,198,271,308,403,540,654,800,862,932,1143,1200,1262,1262,2306,2541,2840,3187,3476,3831,4412,4857,5584,6259,7399,9077,10682,10682,12281,15858,17685,17685,19649,22368,24226,26584,28335,29993,31990,33833,35881,38163,40558,43762,45964
South Carolina,5148714,0,0,0,0,0,0,0,0,0,0,0,0,0,0,0,0,0,0,0,0,0,0,0,0,0,0,0,0,0,0,0,0,0,0,0,0,0,0,0,0,0,0,0,0,5,5,5,10,10,31,31,41,58,87,123,173,263,344,643,643,914,1407,1661,1764,2310,2727,2763,2763,2947,3789,5085,5699,6326,6995,6995,18314,18976,18976,23680,24634,27367,28183,30093,31425,31425,33872,34733,34733,36284,38833,40480,40480,41277,43111,44463,44463,49014,50761,0,0,0,0,0,0,0,0,0,0,0,0,0,0,0,0,0,0,0,0,0,0,0,0,0,0,0,0,0,0,0,0,0,0,0,0,0,0,0,0,0,0,0,0,0,0,0,2,2,7,7,9,10,12,13,19,28,33,60,60,81,152,195,298,298,424,456,456,539,774,925,1083,1293,1554,1554,1917,2049,2049,2417,2552,2792,3065,3207,3319,3319,3553,3656,3656,3931,4246,4377,4377,4439,4761,4917,4917,5253,5490,0,0,0,0,0,0,0,0,0,0,0,0,0,0,0,0,0,0,0,0,0,0,0,0,0,0,0,0,0,0,0,0,0,0,0,0,0,0,0,0,0,0,0,0,5,5,5,8,8,24,24,32,48,75,110,154,235,311,583,583,833,1255,1466,1466,2012,2303,2307,2307,2408,3015,4160,4616,5033,5441,5441,16397,16927,16927,21263,22082,24575,25118,26886,28106,28106,30319,31077,31077,32353,34587,36103,36103,36838,38350,39546,39546,43761,45271
South Dakota,884659,0,0,0,0,0,0,0,0,0,0,0,0,0,0,0,0,0,0,0,0,0,0,0,0,0,0,0,0,0,0,0,0,0,0,0,0,0,0,0,0,0,0,0,0,0,0,0,5,5,5,11,18,35,82,191,336,504,562,562,562,677,705,761,790,820,860,2019,2445,2660,3217,3579,3717,4032,4382,4780,5224,5593,6020,6268,6748,7147,7647,8004,8553,9002,9296,9859,10550,11062,11660,12062,12326,12815,13446,14065,14824,15596,16274,0,0,0,0,0,0,0,0,0,0,0,0,0,0,0,0,0,0,0,0,0,0,0,0,0,0,0,0,0,0,0,0,0,0,0,0,0,0,0,0,0,0,0,0,0,0,0,0,0,0,0,5,8,9,9,9,10,11,11,11,14,14,21,28,30,41,46,58,68,90,101,108,129,165,187,212,240,288,320,393,447,536,626,730,868,988,1168,1311,1411,1542,1635,1685,1755,1858,1956,2040,2147,2212,0,0,0,0,0,0,0,0,0,0,0,0,0,0,0,0,0,0,0,0,0,0,0,0,0,0,0,0,0,0,0,0,0,0,0,0,0,0,0,0,0,0,0,0,0,0,0,5,5,5,11,13,27,73,182,327,494,551,551,551,663,691,740,762,790,819,1973,2387,2592,3127,3478,3609,3903,4217,4593,5012,5353,5732,5948,6355,6700,7111,7378,7823,8134,8308,8691,9239,9651,10118,10427,10641,11060,11588,12109,12784,13449,14062
Tennessee,6829174,0,0,0,0,0,0,0,0,0,0,0,0,0,0,0,0,0,0,0,0,0,0,0,0,0,0,0,0,0,0,0,0,0,0,0,0,0,0,0,0,0,0,0,0,0,1,1,1,3,3,7,57,97,142,162,196,322,403,447,503,791,3643,3777,3887,11184,11796,14909,16091,18338,20574,23304,27360,32452,34611,37839,41391,45300,47350,52874,56618,59849,62799,66828,70677,76195,78831,80896,85049,87273,90586,97098,100689,108182,114980,123100,131328,141406,148221,0,0,0,0,0,0,0,0,0,0,0,0,0,0,0,0,0,0,0,0,0,0,0,0,0,0,0,0,0,0,0,0,0,0,0,0,0,0,0,0,0,0,0,0,0,1,1,1,3,3,7,7,18,26,32,39,52,73,98,154,228,371,505,615,667,784,957,1203,1373,1537,1834,2239,2683,2845,3067,3321,3633,3802,4138,4362,4634,4862,5114,5308,5610,5823,6079,6262,6589,6762,7070,7238,7394,7842,8266,8726,9189,9667,0,0,0,0,0,0,0,0,0,0,0,0,0,0,0,0,0,0,0,0,0,0,0,0,0,0,0,0,0,0,0,0,0,0,0,0,0,0,0,0,0,0,0,0,0,0,0,0,0,0,0,50,79,116,130,157,270,330,349,349,563,3272,3272,3272,10517,11012,13952,14888,16965,19037,21470,25121,29769,31766,34772,38070,41667,43548,48736,52256,55215,57937,61714,65369,70585,73008,74817,78787,80684,83824,90028,93451,100788,107138,114834,122602,132217,138554
Texas,28995881,0,0,0,0,0,0,0,0,0,0,0,0,0,0,0,0,0,0,0,0,0,0,0,0,0,0,0,0,0,0,0,0,0,0,0,0,0,0,0,0,0,0,0,0,1,1,5,8,8,12,13,21,23,39,51,56,57,1268,1907,2355,5277,6522,8756,10055,11167,13494,21424,23666,25260,25760,35880,42992,47857,50679,55764,63751,70938,85357,88649,96258,106134,115718,120533,124533,133226,146467,151810,158547,169536,176239,182710,190394,205399,216783,225078,242547,262816,276021,0,0,0,0,0,0,0,0,0,0,0,0,0,0,0,0,0,0,0,0,0,0,0,0,0,0,0,0,0,0,0,0,0,0,0,0,0,0,0,0,0,0,0,0,1,1,5,8,8,12,13,21,23,39,51,56,57,64,83,143,194,304,334,352,410,974,1396,1731,2052,2552,2877,3266,3997,4669,5330,6110,6812,7276,8262,9353,10230,11671,12561,13484,13906,14624,15492,16455,17371,18260,18923,19458,20196,21069,21944,22806,23773,24631,0,0,0,0,0,0,0,0,0,0,0,0,0,0,0,0,0,0,0,0,0,0,0,0,0,0,0,0,0,0,0,0,0,0,0,0,0,0,0,0,0,0,0,0,0,0,0,0,0,0,0,0,0,0,0,0,0,1204,1824,2212,5083,6218,8422,9703,10757,12520,20028,21935,23208,23208,33003,39726,43860,46010,50434,57641,64126,78081,80387,86905,95904,104047,107972,111049,119320,131843,136318,142092,152165,157979,163787,170936,185203,195714,203134,219741,239043,251390
Utah,3205958,0,0,0,0,0,0,0,0,0,0,0,0,0,0,0,0,0,0,0,0,0,0,0,0,0,0,0,0,0,0,0,0,0,0,0,0,0,0,0,0,0,0,0,0,0,0,0,1,1,1,2,2,135,137,137,159,170,182,194,1526,2147,2560,3689,5047,5823,6837,7710,9244,11312,13993,16003,18513,21167,21229,24248,28043,30892,33394,34647,36116,38373,40762,42546,44234,45787,46476,47614,49678,55771,59944,63555,68311,72358,76460,80627,84697,90206,95702,0,0,0,0,0,0,0,0,0,0,0,0,0,0,0,0,0,0,0,0,0,0,0,0,0,0,0,0,0,0,0,0,0,0,0,0,0,0,0,0,0,0,0,0,0,0,0,1,1,1,2,2,4,6,6,28,39,51,63,78,112,136,181,257,299,346,402,480,602,719,806,887,1012,1074,1246,1428,1605,1675,1738,1846,1976,2102,2206,2303,2363,2412,2542,2683,2805,2931,3069,3213,3296,3445,3612,3782,3948,4123,0,0,0,0,0,0,0,0,0,0,0,0,0,0,0,0,0,0,0,0,0,0,0,0,0,0,0,0,0,0,0,0,0,0,0,0,0,0,0,0,0,0,0,0,0,0,0,0,0,0,0,0,131,131,131,131,131,131,131,1448,2035,2424,3508,4790,5524,6491,7308,8764,10710,13274,15197,17626,20155,20155,23002,26615,29287,31719,32909,34270,36397,38660,40340,41931,43424,44064,45072,46995,52966,57013,60486,65098,69062,73015,77015,80915,86258,91579
Vermont,623989,0,0,0,0,0,0,0,0,0,0,0,0,0,0,0,0,0,0,0,0,0,0,0,0,0,0,0,0,0,0,0,0,0,0,0,0,0,0,0,0,0,0,0,0,0,0,8,16,29,35,41,63,99,144,231,352,429,505,611,667,808,808,1158,1181,1535,1712,2008,2261,2374,3701,3930,4250,4495,5049,5228,5844,6582,6633,7129,7749,8181,8232,9258,9841,10366,10585,11081,11507,12116,12566,12726,12981,13111,13462,13852,14310,14682,14797,0,0,0,0,0,0,0,0,0,0,0,0,0,0,0,0,0,0,0,0,0,0,0,0,0,0,0,0,0,0,0,0,0,0,0,0,0,0,0,0,0,0,0,0,0,0,0,0,1,1,1,1,2,2,4,4,8,10,19,22,29,29,52,75,95,123,158,184,211,235,256,293,321,338,389,461,512,543,575,605,628,679,711,727,748,752,759,768,779,803,812,816,818,823,825,827,843,851,0,0,0,0,0,0,0,0,0,0,0,0,0,0,0,0,0,0,0,0,0,0,0,0,0,0,0,0,0,0,0,0,0,0,0,0,0,0,0,0,0,0,0,0,0,0,8,16,28,34,40,62,97,142,227,348,421,495,592,645,779,779,1106,1106,1440,1589,1850,2077,2163,3466,3674,3957,4174,4711,4839,5383,6070,6090,6554,7144,7553,7553,8547,9114,9618,9833,10322,10739,11337,11763,11914,12165,12293,12639,13027,13483,13839,13946
Virginia,8535519,0,0,0,0,0,0,0,0,0,0,0,0,0,0,0,0,0,0,0,0,0,0,0,0,0,0,0,0,0,0,0,0,0,0,0,0,0,0,0,0,0,0,0,0,0,18,21,31,38,41,61,69,134,147,147,408,489,1028,1278,1923,2325,2790,3337,3697,4470,5370,6189,7337,9166,10609,12038,13401,15344,17589,19005,21552,23671,24521,28645,30645,33026,35459,37999,39985,41401,42763,44169,46444,48997,51931,54733,56735,58354,60778,64518,69015,72178,76118,0,0,0,0,0,0,0,0,0,0,0,0,0,0,0,0,0,0,0,0,0,0,0,0,0,0,0,0,0,0,0,0,0,0,0,0,0,0,0,0,0,0,0,0,0,0,0,0,2,3,8,9,17,30,30,45,51,67,77,94,114,152,219,254,290,391,460,604,739,890,1020,1250,1484,1706,2012,2407,2637,2878,3333,3645,4042,4509,5077,5274,5747,6171,6500,6889,7491,8053,8537,8990,9630,10266,10627,11169,11902,12488,0,0,0,0,0,0,0,0,0,0,0,0,0,0,0,0,0,0,0,0,0,0,0,0,0,0,0,0,0,0,0,0,0,0,0,0,0,0,0,0,0,0,0,0,0,18,21,31,36,38,53,60,117,117,117,363,438,961,1201,1829,2211,2638,3118,3443,4180,4979,5729,6733,8427,9719,11018,12151,13860,15883,16993,19145,21034,21643,25312,27000,28984,30950,32922,34711,35654,36592,37669,39555,41506,43878,46196,47745,48724,50512,53891,57846,60276,63630
Washington,7614893,0,0,1,1,1,1,1,1,1,1,1,1,1,1,1,1,1,1,2,2,2,2,2,2,2,2,2,2,2,2,2,2,2,2,2,2,2,2,2,9,41,111,263,485,707,1040,1528,1928,2457,3522,5247,7458,11122,15300,17589,19311,24047,28608,33256,37623,41632,43978,45924,50988,56218,61268,65809,70192,72939,74909,79847,84433,89097,93782,98608,101321,103467,108360,113370,118061,122036,126337,128398,129931,133868,137898,141928,146094,150444,152696,154354,158765,163567,167964,171631,174830,175440,175440,0,0,1,1,1,1,1,1,1,1,1,1,1,1,1,1,1,1,2,2,2,2,2,2,2,2,2,2,2,2,2,2,2,2,2,2,2,2,2,9,18,30,34,58,76,97,150,182,249,349,397,481,551,702,806,939,1067,1240,1414,1563,1804,2042,2284,2496,2877,3339,3822,4305,4737,5121,5589,6049,6540,6893,7424,7792,8181,8523,8859,9214,9492,9941,10162,10398,10587,10789,11100,11343,11673,11887,12146,12346,12550,12785,12995,13297,13521,13521,0,0,0,0,0,0,0,0,0,0,0,0,0,0,0,0,0,0,0,0,0,0,0,0,0,0,0,0,0,0,0,0,0,0,0,0,0,0,0,0,23,81,229,427,631,943,1378,1746,2208,3173,4850,6977,10571,14598,16783,18372,22980,27368,31842,36060,39828,41936,43640,48492,53341,57929,61987,65887,68202,69788,74258,78384,82557,86889,91184,93529,95286,99837,104511,108847,112544,116396,118236,119533,123281,127109,130828,134751,138771,140809,142208,146419,151017,155179,158636,161533,161919,161919
West Virginia,1792147,0,0,0,0,0,0,0,0,0,0,0,0,0,0,0,0,0,0,0,0,0,0,0,0,0,0,0,0,0,0,0,0,0,0,0,0,0,0,0,0,0,0,0,0,0,0,1,2,2,2,2,3,7,17,26,38,80,80,123,145,226,341,397,460,630,798,1082,1855,2427,2818,3110,4143,4575,5493,6367,7686,8838,9940,12059,12545,13863,14555,15452,16257,16655,17038,17656,18306,18681,19440,20031,22155,22763,25836,27905,29811,32966,39063,0,0,0,0,0,0,0,0,0,0,0,0,0,0,0,0,0,0,0,0,0,0,0,0,0,0,0,0,0,0,0,0,0,0,0,0,0,0,0,0,0,0,0,0,0,0,0,0,0,0,0,0,0,0,0,0,0,0,1,2,7,11,12,16,20,39,51,76,96,113,126,162,191,217,237,282,324,345,412,462,523,554,577,611,626,640,702,739,754,785,863,902,914,939,967,988,1020,1044,0,0,0,0,0,0,0,0,0,0,0,0,0,0,0,0,0,0,0,0,0,0,0,0,0,0,0,0,0,0,0,0,0,0,0,0,0,0,0,0,0,0,0,0,0,0,1,2,2,2,2,3,7,17,26,38,80,80,122,143,219,330,385,444,610,759,1031,1779,2331,2705,2984,3981,4384,5276,6130,7404,8514,9595,11647,12083,13340,14001,14875,15646,16029,16398,16954,17567,17927,18655,19168,21253,21849,24897,26938,28823,31946,38019
Wisconsin,5822434,0,0,0,0,0,0,0,0,0,0,0,0,0,0,0,0,0,0,0,0,0,0,0,0,0,0,0,0,0,0,0,0,0,0,0,0,0,0,0,0,0,0,0,0,20,20,32,32,32,37,38,46,92,188,188,346,551,1110,1683,2347,3661,4909,6615,7466,8694,10674,12290,13982,16221,17662,17662,18726,20369,22047,24289,25971,27436,29014,31090,32871,34309,36293,37893,39257,40197,41552,43047,44849,46410,48161,49669,51102,52461,54347,56508,59929,62825,65146,0,0,0,0,0,0,0,0,0,0,0,0,0,0,0,0,0,0,0,0,0,0,0,0,0,0,0,0,0,0,0,0,0,0,0,0,0,0,0,0,0,0,0,0,1,1,1,1,1,1,2,3,8,19,19,33,47,72,106,155,206,281,385,416,457,585,707,842,989,1112,1221,1351,1550,1730,1912,2112,2267,2440,2578,2756,2885,3068,3213,3341,3428,3555,3721,3875,4045,4199,4346,4499,4620,4845,5052,5356,5687,5911,0,0,0,0,0,0,0,0,0,0,0,0,0,0,0,0,0,0,0,0,0,0,0,0,0,0,0,0,0,0,0,0,0,0,0,0,0,0,0,0,0,0,0,0,19,19,31,31,31,36,36,43,84,169,169,313,504,1038,1577,2192,3455,4628,6230,7050,8237,10089,11583,13140,15232,16550,16550,17375,18819,20317,22377,23859,25169,26574,28512,30115,31424,33225,34680,35916,36769,37997,39326,40974,42365,43962,45323,46603,47841,49502,51456,54573,57138,59235
Wyoming,578759,0,0,0,0,0,0,0,0,0,0,0,0,0,0,0,0,0,0,0,0,0,0,0,0,0,0,0,0,0,0,0,0,0,0,0,0,0,0,0,0,0,0,0,0,0,0,0,0,0,0,0,0,1,1,2,3,3,105,193,289,350,461,462,618,739,998,1105,1281,1557,1640,1934,2108,2348,2589,2866,3132,3237,3929,4005,4064,4150,4989,5459,5459,5964,5964,6329,6427,6427,6522,7281,7386,7621,7623,7623,8045,8146,8159,0,0,0,0,0,0,0,0,0,0,0,0,0,0,0,0,0,0,0,0,0,0,0,0,0,0,0,0,0,0,0,0,0,0,0,0,0,0,0,0,0,0,0,0,0,0,0,0,0,0,0,0,1,1,2,3,3,10,15,18,19,23,24,26,29,44,53,70,82,86,94,109,130,150,162,187,197,210,216,221,230,253,261,261,275,275,287,296,296,305,309,313,320,322,326,349,349,362,0,0,0,0,0,0,0,0,0,0,0,0,0,0,0,0,0,0,0,0,0,0,0,0,0,0,0,0,0,0,0,0,0,0,0,0,0,0,0,0,0,0,0,0,0,0,0,0,0,0,0,0,0,0,0,0,0,95,178,271,331,438,438,592,710,954,1052,1211,1475,1554,1840,1999,2218,2439,2704,2945,3040,3719,3789,3843,3920,4736,5198,5198,5689,5689,6042,6131,6131,6217,6972,7073,7301,7301,7301,7696,7797,7797
